{"ts_ms": 1790010835383.8042, "nvgpu_ts": "2026/09/21 22:43:55.366", "gpu_util_pct": 0.0, "gpu_mem_util_pct": 0.0, "power_w": 4.3, "gpu_mem_mib": 3807.0, "sm_mhz": 210.0, "mem_mhz": 405.0}
{"ts_ms": 1790010837427.3135, "nvgpu_ts": "2026/09/21 22:43:57.410", "gpu_util_pct": 1.0, "gpu_mem_util_pct": 0.0, "power_w": 4.66, "gpu_mem_mib": 108.0, "sm_mhz": 210.0, "mem_mhz": 405.0}
{"ts_ms": 1790010839386.2139, "nvgpu_ts": "2026/09/21 22:43:59.368", "gpu_util_pct": 10.0, "gpu_mem_util_pct": 0.0, "power_w": 6.85, "gpu_mem_mib": 112.0, "sm_mhz": 1500.0, "mem_mhz": 6121.0}
{"ts_ms": 1790010841395.8262, "nvgpu_ts": "2026/09/21 22:44:01.378", "gpu_util_pct": 10.0, "gpu_mem_util_pct": 0.0, "power_w": 12.74, "gpu_mem_mib": 671.0, "sm_mhz": 1500.0, "mem_mhz": 6121.0}
{"ts_ms": 1790010843397.7515, "nvgpu_ts": "2026/09/21 22:44:03.378", "gpu_util_pct": 0.0, "gpu_mem_util_pct": 0.0, "power_w": 13.25, "gpu_mem_mib": 1335.0, "sm_mhz": 1500.0, "mem_mhz": 6121.0}
{"ts_ms": 1790010845371.281, "nvgpu_ts": "2026/09/21 22:44:05.355", "gpu_util_pct": 66.0, "gpu_mem_util_pct": 50.0, "power_w": 57.41, "gpu_mem_mib": 1335.0, "sm_mhz": 2070.0, "mem_mhz": 6121.0}
{"ts_ms": 1790010847397.5874, "nvgpu_ts": "2026/09/21 22:44:07.370", "gpu_util_pct": 0.0, "gpu_mem_util_pct": 0.0, "power_w": 32.06, "gpu_mem_mib": 1336.0, "sm_mhz": 2070.0, "mem_mhz": 6121.0}
{"ts_ms": 1790010849390.5078, "nvgpu_ts": "2026/09/21 22:44:09.369", "gpu_util_pct": 0.0, "gpu_mem_util_pct": 0.0, "power_w": 13.04, "gpu_mem_mib": 1352.0, "sm_mhz": 1222.0, "mem_mhz": 6121.0}
{"ts_ms": 1790010851381.147, "nvgpu_ts": "2026/09/21 22:44:11.367", "gpu_util_pct": 6.0, "gpu_mem_util_pct": 0.0, "power_w": 32.45, "gpu_mem_mib": 1352.0, "sm_mhz": 2070.0, "mem_mhz": 6121.0}
{"ts_ms": 1790010853400.3796, "nvgpu_ts": "2026/09/21 22:44:13.382", "gpu_util_pct": 60.0, "gpu_mem_util_pct": 44.0, "power_w": 57.15, "gpu_mem_mib": 1352.0, "sm_mhz": 2070.0, "mem_mhz": 6121.0}
{"ts_ms": 1790010855418.5513, "nvgpu_ts": "2026/09/21 22:44:15.400", "gpu_util_pct": 72.0, "gpu_mem_util_pct": 35.0, "power_w": 24.66, "gpu_mem_mib": 1352.0, "sm_mhz": 1965.0, "mem_mhz": 6121.0}
{"ts_ms": 1790010857386.454, "nvgpu_ts": "2026/09/21 22:44:17.366", "gpu_util_pct": 0.0, "gpu_mem_util_pct": 0.0, "power_w": 30.16, "gpu_mem_mib": 1352.0, "sm_mhz": 2070.0, "mem_mhz": 6121.0}
{"ts_ms": 1790010859406.505, "nvgpu_ts": "2026/09/21 22:44:19.388", "gpu_util_pct": 62.0, "gpu_mem_util_pct": 47.0, "power_w": 37.84, "gpu_mem_mib": 1352.0, "sm_mhz": 2062.0, "mem_mhz": 6121.0}
{"ts_ms": 1790010861385.568, "nvgpu_ts": "2026/09/21 22:44:21.358", "gpu_util_pct": 23.0, "gpu_mem_util_pct": 17.0, "power_w": 28.09, "gpu_mem_mib": 1352.0, "sm_mhz": 2062.0, "mem_mhz": 6121.0}
{"ts_ms": 1790010863384.361, "nvgpu_ts": "2026/09/21 22:44:23.366", "gpu_util_pct": 0.0, "gpu_mem_util_pct": 0.0, "power_w": 12.78, "gpu_mem_mib": 1352.0, "sm_mhz": 1050.0, "mem_mhz": 6121.0}
{"ts_ms": 1790010865387.9817, "nvgpu_ts": "2026/09/21 22:44:25.373", "gpu_util_pct": 62.0, "gpu_mem_util_pct": 44.0, "power_w": 55.36, "gpu_mem_mib": 1352.0, "sm_mhz": 2062.0, "mem_mhz": 6121.0}
{"ts_ms": 1790010867403.7805, "nvgpu_ts": "2026/09/21 22:44:27.389", "gpu_util_pct": 2.0, "gpu_mem_util_pct": 0.0, "power_w": 29.3, "gpu_mem_mib": 1352.0, "sm_mhz": 2062.0, "mem_mhz": 6121.0}
{"ts_ms": 1790010869381.5356, "nvgpu_ts": "2026/09/21 22:44:29.366", "gpu_util_pct": 65.0, "gpu_mem_util_pct": 47.0, "power_w": 53.91, "gpu_mem_mib": 1352.0, "sm_mhz": 2062.0, "mem_mhz": 6121.0}
{"ts_ms": 1790010871378.7795, "nvgpu_ts": "2026/09/21 22:44:31.360", "gpu_util_pct": 0.0, "gpu_mem_util_pct": 0.0, "power_w": 26.53, "gpu_mem_mib": 1352.0, "sm_mhz": 2062.0, "mem_mhz": 6121.0}
{"ts_ms": 1790010873373.829, "nvgpu_ts": "2026/09/21 22:44:33.359", "gpu_util_pct": 0.0, "gpu_mem_util_pct": 0.0, "power_w": 46.59, "gpu_mem_mib": 1352.0, "sm_mhz": 2062.0, "mem_mhz": 6121.0}
{"ts_ms": 1790010875383.1072, "nvgpu_ts": "2026/09/21 22:44:35.365", "gpu_util_pct": 0.0, "gpu_mem_util_pct": 0.0, "power_w": 18.47, "gpu_mem_mib": 1353.0, "sm_mhz": 1020.0, "mem_mhz": 6121.0}
{"ts_ms": 1790010877388.7075, "nvgpu_ts": "2026/09/21 22:44:37.370", "gpu_util_pct": 65.0, "gpu_mem_util_pct": 49.0, "power_w": 35.24, "gpu_mem_mib": 1353.0, "sm_mhz": 2062.0, "mem_mhz": 6121.0}
{"ts_ms": 1790010879371.2395, "nvgpu_ts": "2026/09/21 22:44:39.357", "gpu_util_pct": 32.0, "gpu_mem_util_pct": 22.0, "power_w": 30.33, "gpu_mem_mib": 1353.0, "sm_mhz": 2062.0, "mem_mhz": 6121.0}
{"ts_ms": 1790010881395.3499, "nvgpu_ts": "2026/09/21 22:44:41.366", "gpu_util_pct": 62.0, "gpu_mem_util_pct": 47.0, "power_w": 49.44, "gpu_mem_mib": 1352.0, "sm_mhz": 2062.0, "mem_mhz": 6121.0}
{"ts_ms": 1790010883375.3218, "nvgpu_ts": "2026/09/21 22:44:43.359", "gpu_util_pct": 2.0, "gpu_mem_util_pct": 0.0, "power_w": 37.66, "gpu_mem_mib": 1352.0, "sm_mhz": 2062.0, "mem_mhz": 6121.0}
{"ts_ms": 1790010885384.595, "nvgpu_ts": "2026/09/21 22:44:45.369", "gpu_util_pct": 57.0, "gpu_mem_util_pct": 46.0, "power_w": 32.1, "gpu_mem_mib": 1353.0, "sm_mhz": 2062.0, "mem_mhz": 6121.0}
{"ts_ms": 1790010887392.3813, "nvgpu_ts": "2026/09/21 22:44:47.379", "gpu_util_pct": 64.0, "gpu_mem_util_pct": 49.0, "power_w": 57.62, "gpu_mem_mib": 1351.0, "sm_mhz": 2062.0, "mem_mhz": 6121.0}
{"ts_ms": 1790010889392.3647, "nvgpu_ts": "2026/09/21 22:44:49.373", "gpu_util_pct": 33.0, "gpu_mem_util_pct": 23.0, "power_w": 28.01, "gpu_mem_mib": 1351.0, "sm_mhz": 2062.0, "mem_mhz": 6121.0}
{"ts_ms": 1790010891399.7437, "nvgpu_ts": "2026/09/21 22:44:51.382", "gpu_util_pct": 0.0, "gpu_mem_util_pct": 0.0, "power_w": 37.95, "gpu_mem_mib": 1352.0, "sm_mhz": 2062.0, "mem_mhz": 6121.0}
{"ts_ms": 1790010893415.7842, "nvgpu_ts": "2026/09/21 22:44:53.400", "gpu_util_pct": 0.0, "gpu_mem_util_pct": 0.0, "power_w": 16.84, "gpu_mem_mib": 1352.0, "sm_mhz": 1440.0, "mem_mhz": 6121.0}
{"ts_ms": 1790010895404.5242, "nvgpu_ts": "2026/09/21 22:44:55.385", "gpu_util_pct": 11.0, "gpu_mem_util_pct": 5.0, "power_w": 30.39, "gpu_mem_mib": 1352.0, "sm_mhz": 2062.0, "mem_mhz": 6121.0}
{"ts_ms": 1790010897384.0469, "nvgpu_ts": "2026/09/21 22:44:57.370", "gpu_util_pct": 0.0, "gpu_mem_util_pct": 0.0, "power_w": 43.17, "gpu_mem_mib": 1352.0, "sm_mhz": 2062.0, "mem_mhz": 6121.0}
{"ts_ms": 1790010899402.7034, "nvgpu_ts": "2026/09/21 22:44:59.384", "gpu_util_pct": 63.0, "gpu_mem_util_pct": 48.0, "power_w": 36.57, "gpu_mem_mib": 1352.0, "sm_mhz": 2062.0, "mem_mhz": 6121.0}
{"ts_ms": 1790010901381.811, "nvgpu_ts": "2026/09/21 22:45:01.366", "gpu_util_pct": 7.0, "gpu_mem_util_pct": 0.0, "power_w": 23.43, "gpu_mem_mib": 1353.0, "sm_mhz": 2062.0, "mem_mhz": 6121.0}
{"ts_ms": 1790010903386.8406, "nvgpu_ts": "2026/09/21 22:45:03.371", "gpu_util_pct": 10.0, "gpu_mem_util_pct": 0.0, "power_w": 49.45, "gpu_mem_mib": 1353.0, "sm_mhz": 2062.0, "mem_mhz": 6121.0}
{"ts_ms": 1790010905397.3828, "nvgpu_ts": "2026/09/21 22:45:05.378", "gpu_util_pct": 56.0, "gpu_mem_util_pct": 40.0, "power_w": 32.61, "gpu_mem_mib": 1353.0, "sm_mhz": 2062.0, "mem_mhz": 6121.0}
{"ts_ms": 1790010907398.4626, "nvgpu_ts": "2026/09/21 22:45:07.380", "gpu_util_pct": 1.0, "gpu_mem_util_pct": 0.0, "power_w": 30.18, "gpu_mem_mib": 1353.0, "sm_mhz": 2062.0, "mem_mhz": 6121.0}
{"ts_ms": 1790010909397.589, "nvgpu_ts": "2026/09/21 22:45:09.382", "gpu_util_pct": 10.0, "gpu_mem_util_pct": 0.0, "power_w": 45.35, "gpu_mem_mib": 1351.0, "sm_mhz": 2062.0, "mem_mhz": 6121.0}
{"ts_ms": 1790010911408.4595, "nvgpu_ts": "2026/09/21 22:45:11.392", "gpu_util_pct": 62.0, "gpu_mem_util_pct": 47.0, "power_w": 38.33, "gpu_mem_mib": 1351.0, "sm_mhz": 2062.0, "mem_mhz": 6121.0}
{"ts_ms": 1790010913422.951, "nvgpu_ts": "2026/09/21 22:45:13.392", "gpu_util_pct": 60.0, "gpu_mem_util_pct": 49.0, "power_w": 31.61, "gpu_mem_mib": 1352.0, "sm_mhz": 2062.0, "mem_mhz": 6121.0}
{"ts_ms": 1790010915412.6938, "nvgpu_ts": "2026/09/21 22:45:15.395", "gpu_util_pct": 60.0, "gpu_mem_util_pct": 47.0, "power_w": 54.48, "gpu_mem_mib": 1352.0, "sm_mhz": 2062.0, "mem_mhz": 6121.0}
{"ts_ms": 1790010917393.5615, "nvgpu_ts": "2026/09/21 22:45:17.379", "gpu_util_pct": 5.0, "gpu_mem_util_pct": 0.0, "power_w": 33.07, "gpu_mem_mib": 1351.0, "sm_mhz": 2047.0, "mem_mhz": 6121.0}
{"ts_ms": 1790010919386.406, "nvgpu_ts": "2026/09/21 22:45:19.369", "gpu_util_pct": 6.0, "gpu_mem_util_pct": 0.0, "power_w": 20.05, "gpu_mem_mib": 1351.0, "sm_mhz": 1350.0, "mem_mhz": 6121.0}
{"ts_ms": 1790010921387.9436, "nvgpu_ts": "2026/09/21 22:45:21.370", "gpu_util_pct": 0.0, "gpu_mem_util_pct": 0.0, "power_w": 13.59, "gpu_mem_mib": 1351.0, "sm_mhz": 1380.0, "mem_mhz": 6121.0}
{"ts_ms": 1790010923389.6938, "nvgpu_ts": "2026/09/21 22:45:23.373", "gpu_util_pct": 50.0, "gpu_mem_util_pct": 36.0, "power_w": 57.09, "gpu_mem_mib": 1351.0, "sm_mhz": 2047.0, "mem_mhz": 6121.0}
{"ts_ms": 1790010925476.795, "nvgpu_ts": "2026/09/21 22:45:25.453", "gpu_util_pct": 60.0, "gpu_mem_util_pct": 45.0, "power_w": 28.27, "gpu_mem_mib": 1352.0, "sm_mhz": 2047.0, "mem_mhz": 6121.0}
{"ts_ms": 1790010927396.6191, "nvgpu_ts": "2026/09/21 22:45:27.377", "gpu_util_pct": 9.0, "gpu_mem_util_pct": 0.0, "power_w": 35.36, "gpu_mem_mib": 1352.0, "sm_mhz": 2047.0, "mem_mhz": 6121.0}
{"ts_ms": 1790010929395.2378, "nvgpu_ts": "2026/09/21 22:45:29.377", "gpu_util_pct": 60.0, "gpu_mem_util_pct": 44.0, "power_w": 44.41, "gpu_mem_mib": 1352.0, "sm_mhz": 2047.0, "mem_mhz": 6121.0}
{"ts_ms": 1790010931384.4602, "nvgpu_ts": "2026/09/21 22:45:31.366", "gpu_util_pct": 9.0, "gpu_mem_util_pct": 0.0, "power_w": 28.52, "gpu_mem_mib": 1352.0, "sm_mhz": 2047.0, "mem_mhz": 6121.0}
{"ts_ms": 1790010933404.4417, "nvgpu_ts": "2026/09/21 22:45:33.384", "gpu_util_pct": 62.0, "gpu_mem_util_pct": 46.0, "power_w": 57.57, "gpu_mem_mib": 1352.0, "sm_mhz": 2047.0, "mem_mhz": 6121.0}
{"ts_ms": 1790010935402.2788, "nvgpu_ts": "2026/09/21 22:45:35.385", "gpu_util_pct": 3.0, "gpu_mem_util_pct": 0.0, "power_w": 25.49, "gpu_mem_mib": 1352.0, "sm_mhz": 2047.0, "mem_mhz": 6121.0}
{"ts_ms": 1790010937401.5024, "nvgpu_ts": "2026/09/21 22:45:37.384", "gpu_util_pct": 7.0, "gpu_mem_util_pct": 0.0, "power_w": 44.87, "gpu_mem_mib": 1352.0, "sm_mhz": 2047.0, "mem_mhz": 6121.0}
{"ts_ms": 1790010939437.4036, "nvgpu_ts": "2026/09/21 22:45:39.416", "gpu_util_pct": 64.0, "gpu_mem_util_pct": 47.0, "power_w": 34.08, "gpu_mem_mib": 1352.0, "sm_mhz": 2047.0, "mem_mhz": 6121.0}
{"ts_ms": 1790010941423.3088, "nvgpu_ts": "2026/09/21 22:45:41.404", "gpu_util_pct": 2.0, "gpu_mem_util_pct": 0.0, "power_w": 32.73, "gpu_mem_mib": 1352.0, "sm_mhz": 2047.0, "mem_mhz": 6121.0}
{"ts_ms": 1790010943404.3743, "nvgpu_ts": "2026/09/21 22:45:43.383", "gpu_util_pct": 62.0, "gpu_mem_util_pct": 47.0, "power_w": 43.48, "gpu_mem_mib": 1352.0, "sm_mhz": 2047.0, "mem_mhz": 6121.0}
{"ts_ms": 1790010945405.17, "nvgpu_ts": "2026/09/21 22:45:45.377", "gpu_util_pct": 4.0, "gpu_mem_util_pct": 0.0, "power_w": 25.65, "gpu_mem_mib": 1352.0, "sm_mhz": 2047.0, "mem_mhz": 6121.0}
{"ts_ms": 1790010947402.2502, "nvgpu_ts": "2026/09/21 22:45:47.384", "gpu_util_pct": 64.0, "gpu_mem_util_pct": 47.0, "power_w": 54.22, "gpu_mem_mib": 1352.0, "sm_mhz": 2047.0, "mem_mhz": 6121.0}
{"ts_ms": 1790010949425.9575, "nvgpu_ts": "2026/09/21 22:45:49.409", "gpu_util_pct": 2.0, "gpu_mem_util_pct": 0.0, "power_w": 29.54, "gpu_mem_mib": 1352.0, "sm_mhz": 2047.0, "mem_mhz": 6121.0}
{"ts_ms": 1790010951407.2146, "nvgpu_ts": "2026/09/21 22:45:51.391", "gpu_util_pct": 0.0, "gpu_mem_util_pct": 0.0, "power_w": 46.39, "gpu_mem_mib": 1352.0, "sm_mhz": 2047.0, "mem_mhz": 6121.0}
{"ts_ms": 1790010953412.2437, "nvgpu_ts": "2026/09/21 22:45:53.394", "gpu_util_pct": 62.0, "gpu_mem_util_pct": 47.0, "power_w": 39.67, "gpu_mem_mib": 1352.0, "sm_mhz": 2047.0, "mem_mhz": 6121.0}
{"ts_ms": 1790010955397.0654, "nvgpu_ts": "2026/09/21 22:45:55.383", "gpu_util_pct": 7.0, "gpu_mem_util_pct": 0.0, "power_w": 28.6, "gpu_mem_mib": 1352.0, "sm_mhz": 2047.0, "mem_mhz": 6121.0}
{"ts_ms": 1790010957408.1372, "nvgpu_ts": "2026/09/21 22:45:57.392", "gpu_util_pct": 63.0, "gpu_mem_util_pct": 49.0, "power_w": 58.27, "gpu_mem_mib": 1352.0, "sm_mhz": 2047.0, "mem_mhz": 6121.0}
{"ts_ms": 1790010959406.6404, "nvgpu_ts": "2026/09/21 22:45:59.389", "gpu_util_pct": 65.0, "gpu_mem_util_pct": 47.0, "power_w": 28.73, "gpu_mem_mib": 1352.0, "sm_mhz": 1747.0, "mem_mhz": 6121.0}
{"ts_ms": 1790010961418.5735, "nvgpu_ts": "2026/09/21 22:46:01.401", "gpu_util_pct": 0.0, "gpu_mem_util_pct": 0.0, "power_w": 36.32, "gpu_mem_mib": 1352.0, "sm_mhz": 2047.0, "mem_mhz": 6121.0}
{"ts_ms": 1790010963414.6875, "nvgpu_ts": "2026/09/21 22:46:03.398", "gpu_util_pct": 62.0, "gpu_mem_util_pct": 45.0, "power_w": 50.67, "gpu_mem_mib": 1352.0, "sm_mhz": 2047.0, "mem_mhz": 6121.0}
{"ts_ms": 1790010965405.5532, "nvgpu_ts": "2026/09/21 22:46:05.387", "gpu_util_pct": 0.0, "gpu_mem_util_pct": 0.0, "power_w": 23.71, "gpu_mem_mib": 1352.0, "sm_mhz": 2047.0, "mem_mhz": 6121.0}
{"ts_ms": 1790010967398.7173, "nvgpu_ts": "2026/09/21 22:46:07.383", "gpu_util_pct": 60.0, "gpu_mem_util_pct": 44.0, "power_w": 57.49, "gpu_mem_mib": 1352.0, "sm_mhz": 2047.0, "mem_mhz": 6121.0}
{"ts_ms": 1790010969406.902, "nvgpu_ts": "2026/09/21 22:46:09.391", "gpu_util_pct": 60.0, "gpu_mem_util_pct": 46.0, "power_w": 38.04, "gpu_mem_mib": 1352.0, "sm_mhz": 2047.0, "mem_mhz": 6121.0}
{"ts_ms": 1790010971447.59, "nvgpu_ts": "2026/09/21 22:46:11.430", "gpu_util_pct": 0.0, "gpu_mem_util_pct": 0.0, "power_w": 22.87, "gpu_mem_mib": 1352.0, "sm_mhz": 2047.0, "mem_mhz": 6121.0}
{"ts_ms": 1790010973413.6362, "nvgpu_ts": "2026/09/21 22:46:13.395", "gpu_util_pct": 63.0, "gpu_mem_util_pct": 47.0, "power_w": 46.0, "gpu_mem_mib": 1352.0, "sm_mhz": 2047.0, "mem_mhz": 6121.0}
{"ts_ms": 1790010975404.8418, "nvgpu_ts": "2026/09/21 22:46:15.388", "gpu_util_pct": 0.0, "gpu_mem_util_pct": 0.0, "power_w": 24.16, "gpu_mem_mib": 1352.0, "sm_mhz": 2047.0, "mem_mhz": 6121.0}
{"ts_ms": 1790010977407.8584, "nvgpu_ts": "2026/09/21 22:46:17.392", "gpu_util_pct": 0.0, "gpu_mem_util_pct": 0.0, "power_w": 48.15, "gpu_mem_mib": 1352.0, "sm_mhz": 2047.0, "mem_mhz": 6121.0}
{"ts_ms": 1790010979398.995, "nvgpu_ts": "2026/09/21 22:46:19.385", "gpu_util_pct": 61.0, "gpu_mem_util_pct": 47.0, "power_w": 36.88, "gpu_mem_mib": 1352.0, "sm_mhz": 2047.0, "mem_mhz": 6121.0}
{"ts_ms": 1790010981395.6162, "nvgpu_ts": "2026/09/21 22:46:21.376", "gpu_util_pct": 5.0, "gpu_mem_util_pct": 0.0, "power_w": 25.85, "gpu_mem_mib": 1352.0, "sm_mhz": 2047.0, "mem_mhz": 6121.0}
{"ts_ms": 1790010983409.4255, "nvgpu_ts": "2026/09/21 22:46:23.394", "gpu_util_pct": 60.0, "gpu_mem_util_pct": 47.0, "power_w": 58.5, "gpu_mem_mib": 1352.0, "sm_mhz": 2047.0, "mem_mhz": 6121.0}
{"ts_ms": 1790010985395.4868, "nvgpu_ts": "2026/09/21 22:46:25.381", "gpu_util_pct": 47.0, "gpu_mem_util_pct": 8.0, "power_w": 22.61, "gpu_mem_mib": 174.0, "sm_mhz": 1500.0, "mem_mhz": 6121.0}
{"ts_ms": 1790010987392.073, "nvgpu_ts": "2026/09/21 22:46:27.378", "gpu_util_pct": 10.0, "gpu_mem_util_pct": 0.0, "power_w": 13.56, "gpu_mem_mib": 173.0, "sm_mhz": 1500.0, "mem_mhz": 6121.0}
{"ts_ms": 1790010991262.047, "nvgpu_ts": "2026/09/21 22:46:29.371", "gpu_util_pct": 0.0, "gpu_mem_util_pct": 0.0, "power_w": 13.7, "gpu_mem_mib": 1197.0, "sm_mhz": 1500.0, "mem_mhz": 6121.0}
{"ts_ms": 1790010991524.408, "nvgpu_ts": "2026/09/21 22:46:31.489", "gpu_util_pct": 0.0, "gpu_mem_util_pct": 0.0, "power_w": 13.28, "gpu_mem_mib": 1630.0, "sm_mhz": 1500.0, "mem_mhz": 6121.0}
{"ts_ms": 1790010993504.7395, "nvgpu_ts": "2026/09/21 22:46:33.485", "gpu_util_pct": 9.0, "gpu_mem_util_pct": 0.0, "power_w": 13.19, "gpu_mem_mib": 1622.0, "sm_mhz": 1995.0, "mem_mhz": 6121.0}
{"ts_ms": 1790010995528.9158, "nvgpu_ts": "2026/09/21 22:46:35.509", "gpu_util_pct": 37.0, "gpu_mem_util_pct": 1.0, "power_w": 14.83, "gpu_mem_mib": 1622.0, "sm_mhz": 772.0, "mem_mhz": 810.0}
{"ts_ms": 1790010997558.7048, "nvgpu_ts": "2026/09/21 22:46:37.520", "gpu_util_pct": 41.0, "gpu_mem_util_pct": 1.0, "power_w": 7.21, "gpu_mem_mib": 1621.0, "sm_mhz": 742.0, "mem_mhz": 810.0}
{"ts_ms": 1790010999499.171, "nvgpu_ts": "2026/09/21 22:46:39.481", "gpu_util_pct": 11.0, "gpu_mem_util_pct": 0.0, "power_w": 12.35, "gpu_mem_mib": 3866.0, "sm_mhz": 1200.0, "mem_mhz": 6121.0}
{"ts_ms": 1790011001500.5442, "nvgpu_ts": "2026/09/21 22:46:41.482", "gpu_util_pct": 1.0, "gpu_mem_util_pct": 0.0, "power_w": 9.38, "gpu_mem_mib": 3884.0, "sm_mhz": 990.0, "mem_mhz": 6121.0}
{"ts_ms": 1790011003561.3572, "nvgpu_ts": "2026/09/21 22:46:43.541", "gpu_util_pct": 21.0, "gpu_mem_util_pct": 0.0, "power_w": 8.8, "gpu_mem_mib": 3884.0, "sm_mhz": 1095.0, "mem_mhz": 6121.0}
{"ts_ms": 1790011005529.1482, "nvgpu_ts": "2026/09/21 22:46:45.505", "gpu_util_pct": 42.0, "gpu_mem_util_pct": 8.0, "power_w": 10.17, "gpu_mem_mib": 3890.0, "sm_mhz": 622.0, "mem_mhz": 810.0}
{"ts_ms": 1790011007518.4607, "nvgpu_ts": "2026/09/21 22:46:47.498", "gpu_util_pct": 100.0, "gpu_mem_util_pct": 1.0, "power_w": 20.41, "gpu_mem_mib": 3930.0, "sm_mhz": 2062.0, "mem_mhz": 6121.0}
{"ts_ms": 1790011009572.4038, "nvgpu_ts": "2026/09/21 22:46:49.549", "gpu_util_pct": 21.0, "gpu_mem_util_pct": 10.0, "power_w": 28.3, "gpu_mem_mib": 3929.0, "sm_mhz": 2062.0, "mem_mhz": 6121.0}
{"ts_ms": 1790011011483.8274, "nvgpu_ts": "2026/09/21 22:46:51.464", "gpu_util_pct": 22.0, "gpu_mem_util_pct": 8.0, "power_w": 14.08, "gpu_mem_mib": 3927.0, "sm_mhz": 975.0, "mem_mhz": 5501.0}
{"ts_ms": 1790011013510.6694, "nvgpu_ts": "2026/09/21 22:46:53.491", "gpu_util_pct": 100.0, "gpu_mem_util_pct": 7.0, "power_w": 9.5, "gpu_mem_mib": 3933.0, "sm_mhz": 1500.0, "mem_mhz": 6121.0}
{"ts_ms": 1790011015543.394, "nvgpu_ts": "2026/09/21 22:46:55.524", "gpu_util_pct": 21.0, "gpu_mem_util_pct": 10.0, "power_w": 30.09, "gpu_mem_mib": 3943.0, "sm_mhz": 2062.0, "mem_mhz": 6121.0}
{"ts_ms": 1790011017547.33, "nvgpu_ts": "2026/09/21 22:46:57.519", "gpu_util_pct": 27.0, "gpu_mem_util_pct": 11.0, "power_w": 17.71, "gpu_mem_mib": 3943.0, "sm_mhz": 1080.0, "mem_mhz": 6121.0}
{"ts_ms": 1790011019562.702, "nvgpu_ts": "2026/09/21 22:46:59.536", "gpu_util_pct": 0.0, "gpu_mem_util_pct": 0.0, "power_w": 10.76, "gpu_mem_mib": 3943.0, "sm_mhz": 720.0, "mem_mhz": 5501.0}
{"ts_ms": 1790011021495.998, "nvgpu_ts": "2026/09/21 22:47:01.476", "gpu_util_pct": 100.0, "gpu_mem_util_pct": 2.0, "power_w": 15.57, "gpu_mem_mib": 3943.0, "sm_mhz": 2062.0, "mem_mhz": 6121.0}
{"ts_ms": 1790011023541.607, "nvgpu_ts": "2026/09/21 22:47:03.517", "gpu_util_pct": 22.0, "gpu_mem_util_pct": 11.0, "power_w": 28.03, "gpu_mem_mib": 3943.0, "sm_mhz": 2062.0, "mem_mhz": 6121.0}
{"ts_ms": 1790011025542.058, "nvgpu_ts": "2026/09/21 22:47:05.516", "gpu_util_pct": 28.0, "gpu_mem_util_pct": 11.0, "power_w": 15.78, "gpu_mem_mib": 3943.0, "sm_mhz": 1050.0, "mem_mhz": 6121.0}
{"ts_ms": 1790011027521.2546, "nvgpu_ts": "2026/09/21 22:47:07.502", "gpu_util_pct": 14.0, "gpu_mem_util_pct": 0.0, "power_w": 8.6, "gpu_mem_mib": 3943.0, "sm_mhz": 577.0, "mem_mhz": 5501.0}
{"ts_ms": 1790011029565.355, "nvgpu_ts": "2026/09/21 22:47:09.546", "gpu_util_pct": 19.0, "gpu_mem_util_pct": 7.0, "power_w": 32.27, "gpu_mem_mib": 3944.0, "sm_mhz": 2062.0, "mem_mhz": 6121.0}
{"ts_ms": 1790011031562.2058, "nvgpu_ts": "2026/09/21 22:47:11.535", "gpu_util_pct": 0.0, "gpu_mem_util_pct": 0.0, "power_w": 23.11, "gpu_mem_mib": 3896.0, "sm_mhz": 1500.0, "mem_mhz": 6121.0}
{"ts_ms": 1790011033551.4966, "nvgpu_ts": "2026/09/21 22:47:13.526", "gpu_util_pct": 26.0, "gpu_mem_util_pct": 11.0, "power_w": 11.94, "gpu_mem_mib": 3896.0, "sm_mhz": 637.0, "mem_mhz": 5501.0}
{"ts_ms": 1790011035565.1448, "nvgpu_ts": "2026/09/21 22:47:15.495", "gpu_util_pct": 39.0, "gpu_mem_util_pct": 12.0, "power_w": 11.46, "gpu_mem_mib": 3859.0, "sm_mhz": 405.0, "mem_mhz": 5501.0}
{"ts_ms": 1790011037509.231, "nvgpu_ts": "2026/09/21 22:47:17.491", "gpu_util_pct": 2.0, "gpu_mem_util_pct": 0.0, "power_w": 5.43, "gpu_mem_mib": 3859.0, "sm_mhz": 210.0, "mem_mhz": 810.0}
{"ts_ms": 1790011039562.274, "nvgpu_ts": "2026/09/21 22:47:19.541", "gpu_util_pct": 1.0, "gpu_mem_util_pct": 1.0, "power_w": 29.57, "gpu_mem_mib": 3859.0, "sm_mhz": 2062.0, "mem_mhz": 6121.0}
{"ts_ms": 1790011041512.5256, "nvgpu_ts": "2026/09/21 22:47:21.490", "gpu_util_pct": 0.0, "gpu_mem_util_pct": 0.0, "power_w": 21.47, "gpu_mem_mib": 3859.0, "sm_mhz": 772.0, "mem_mhz": 5501.0}
{"ts_ms": 1790011043491.1772, "nvgpu_ts": "2026/09/21 22:47:23.476", "gpu_util_pct": 33.0, "gpu_mem_util_pct": 12.0, "power_w": 11.77, "gpu_mem_mib": 3859.0, "sm_mhz": 487.0, "mem_mhz": 5501.0}
{"ts_ms": 1790011045510.995, "nvgpu_ts": "2026/09/21 22:47:25.485", "gpu_util_pct": 100.0, "gpu_mem_util_pct": 8.0, "power_w": 8.37, "gpu_mem_mib": 3859.0, "sm_mhz": 247.0, "mem_mhz": 810.0}
{"ts_ms": 1790011047582.7222, "nvgpu_ts": "2026/09/21 22:47:27.557", "gpu_util_pct": 12.0, "gpu_mem_util_pct": 10.0, "power_w": 29.19, "gpu_mem_mib": 3859.0, "sm_mhz": 2062.0, "mem_mhz": 6121.0}
{"ts_ms": 1790011049537.4006, "nvgpu_ts": "2026/09/21 22:47:29.520", "gpu_util_pct": 25.0, "gpu_mem_util_pct": 11.0, "power_w": 14.61, "gpu_mem_mib": 3859.0, "sm_mhz": 667.0, "mem_mhz": 5501.0}
{"ts_ms": 1790011051575.344, "nvgpu_ts": "2026/09/21 22:47:31.552", "gpu_util_pct": 2.0, "gpu_mem_util_pct": 0.0, "power_w": 8.49, "gpu_mem_mib": 3859.0, "sm_mhz": 352.0, "mem_mhz": 5501.0}
{"ts_ms": 1790011053498.53, "nvgpu_ts": "2026/09/21 22:47:33.483", "gpu_util_pct": 100.0, "gpu_mem_util_pct": 0.0, "power_w": 19.84, "gpu_mem_mib": 3859.0, "sm_mhz": 2062.0, "mem_mhz": 6121.0}
{"ts_ms": 1790011055559.753, "nvgpu_ts": "2026/09/21 22:47:35.542", "gpu_util_pct": 12.0, "gpu_mem_util_pct": 10.0, "power_w": 26.7, "gpu_mem_mib": 3859.0, "sm_mhz": 2062.0, "mem_mhz": 6121.0}
{"ts_ms": 1790011057552.9087, "nvgpu_ts": "2026/09/21 22:47:37.523", "gpu_util_pct": 19.0, "gpu_mem_util_pct": 8.0, "power_w": 11.35, "gpu_mem_mib": 3859.0, "sm_mhz": 607.0, "mem_mhz": 5501.0}
{"ts_ms": 1790011059525.0051, "nvgpu_ts": "2026/09/21 22:47:39.499", "gpu_util_pct": 4.0, "gpu_mem_util_pct": 0.0, "power_w": 7.07, "gpu_mem_mib": 3859.0, "sm_mhz": 292.0, "mem_mhz": 810.0}
{"ts_ms": 1790011061568.8164, "nvgpu_ts": "2026/09/21 22:47:41.536", "gpu_util_pct": 12.0, "gpu_mem_util_pct": 10.0, "power_w": 30.22, "gpu_mem_mib": 3859.0, "sm_mhz": 2070.0, "mem_mhz": 6121.0}
{"ts_ms": 1790011063556.7266, "nvgpu_ts": "2026/09/21 22:47:43.534", "gpu_util_pct": 22.0, "gpu_mem_util_pct": 11.0, "power_w": 18.35, "gpu_mem_mib": 3859.0, "sm_mhz": 780.0, "mem_mhz": 5501.0}
{"ts_ms": 1790011065508.6956, "nvgpu_ts": "2026/09/21 22:47:45.491", "gpu_util_pct": 3.0, "gpu_mem_util_pct": 0.0, "power_w": 8.99, "gpu_mem_mib": 3881.0, "sm_mhz": 427.0, "mem_mhz": 5501.0}
{"ts_ms": 1790011067550.6956, "nvgpu_ts": "2026/09/21 22:47:47.525", "gpu_util_pct": 15.0, "gpu_mem_util_pct": 3.0, "power_w": 32.06, "gpu_mem_mib": 3881.0, "sm_mhz": 2070.0, "mem_mhz": 6121.0}
{"ts_ms": 1790011069540.2288, "nvgpu_ts": "2026/09/21 22:47:49.518", "gpu_util_pct": 26.0, "gpu_mem_util_pct": 11.0, "power_w": 24.6, "gpu_mem_mib": 3882.0, "sm_mhz": 1230.0, "mem_mhz": 6121.0}
{"ts_ms": 1790011071479.0454, "nvgpu_ts": "2026/09/21 22:47:51.454", "gpu_util_pct": 23.0, "gpu_mem_util_pct": 11.0, "power_w": 12.38, "gpu_mem_mib": 3879.0, "sm_mhz": 750.0, "mem_mhz": 5501.0}
{"ts_ms": 1790011073522.007, "nvgpu_ts": "2026/09/21 22:47:53.503", "gpu_util_pct": 90.0, "gpu_mem_util_pct": 4.0, "power_w": 22.99, "gpu_mem_mib": 3878.0, "sm_mhz": 2070.0, "mem_mhz": 6121.0}
{"ts_ms": 1790011075566.7432, "nvgpu_ts": "2026/09/21 22:47:55.541", "gpu_util_pct": 12.0, "gpu_mem_util_pct": 10.0, "power_w": 27.56, "gpu_mem_mib": 3878.0, "sm_mhz": 2070.0, "mem_mhz": 6121.0}
{"ts_ms": 1790011077545.2314, "nvgpu_ts": "2026/09/21 22:47:57.529", "gpu_util_pct": 30.0, "gpu_mem_util_pct": 11.0, "power_w": 11.57, "gpu_mem_mib": 3878.0, "sm_mhz": 555.0, "mem_mhz": 5501.0}
