{"ts_ms": 1790010836042.7664, "model": "google/gemma-4-e4b", "status": "idle", "queued": 0, "parallel": 12, "context_length": 131072}
{"ts_ms": 1790010838025.7854, "model": "google/gemma-4-e4b", "status": "idle", "queued": 0, "parallel": 12, "context_length": 131072}
{"ts_ms": 1790010840036.2673, "model": "gemma-3-270m-it", "status": "idle", "queued": 0, "parallel": 32, "context_length": 32768}
{"ts_ms": 1790010842045.4927, "model": "gemma-3-270m-it", "status": "idle", "queued": 0, "parallel": 32, "context_length": 32768}
{"ts_ms": 1790010844079.694, "model": "gemma-3-270m-it", "status": "generating", "queued": 0, "parallel": 32, "context_length": 32768}
{"ts_ms": 1790010846021.7722, "model": "gemma-3-270m-it", "status": "generating", "queued": 0, "parallel": 32, "context_length": 32768}
{"ts_ms": 1790010848088.4158, "model": "gemma-3-270m-it", "status": "idle", "queued": 0, "parallel": 32, "context_length": 32768}
{"ts_ms": 1790010850048.9177, "model": "gemma-3-270m-it", "status": "idle", "queued": 0, "parallel": 32, "context_length": 32768}
{"ts_ms": 1790010852025.8394, "model": "gemma-3-270m-it", "status": "generating", "queued": 0, "parallel": 32, "context_length": 32768}
{"ts_ms": 1790010854036.4417, "model": "gemma-3-270m-it", "status": "processingPrompt", "queued": 0, "parallel": 32, "context_length": 32768}
{"ts_ms": 1790010856025.5981, "model": "gemma-3-270m-it", "status": "idle", "queued": 0, "parallel": 32, "context_length": 32768}
{"ts_ms": 1790010858013.8577, "model": "gemma-3-270m-it", "status": "idle", "queued": 0, "parallel": 32, "context_length": 32768}
{"ts_ms": 1790010860106.6748, "model": "gemma-3-270m-it", "status": "generating", "queued": 0, "parallel": 32, "context_length": 32768}
{"ts_ms": 1790010861974.756, "model": "gemma-3-270m-it", "status": "generating", "queued": 0, "parallel": 32, "context_length": 32768}
{"ts_ms": 1790010864014.959, "model": "gemma-3-270m-it", "status": "generating", "queued": 0, "parallel": 32, "context_length": 32768}
{"ts_ms": 1790010865974.8757, "model": "gemma-3-270m-it", "status": "idle", "queued": 0, "parallel": 32, "context_length": 32768}
{"ts_ms": 1790010867968.191, "model": "gemma-3-270m-it", "status": "processingPrompt", "queued": 0, "parallel": 32, "context_length": 32768}
{"ts_ms": 1790010869984.3225, "model": "gemma-3-270m-it", "status": "idle", "queued": 0, "parallel": 32, "context_length": 32768}
{"ts_ms": 1790010872027.64, "model": "gemma-3-270m-it", "status": "generating", "queued": 0, "parallel": 32, "context_length": 32768}
{"ts_ms": 1790010873981.0735, "model": "gemma-3-270m-it", "status": "idle", "queued": 0, "parallel": 32, "context_length": 32768}
{"ts_ms": 1790010876039.9963, "model": "gemma-3-270m-it", "status": "idle", "queued": 0, "parallel": 32, "context_length": 32768}
{"ts_ms": 1790010878063.4878, "model": "gemma-3-270m-it", "status": "generating", "queued": 0, "parallel": 32, "context_length": 32768}
{"ts_ms": 1790010879942.0447, "model": "gemma-3-270m-it", "status": "processingPrompt", "queued": 0, "parallel": 32, "context_length": 32768}
{"ts_ms": 1790010881994.74, "model": "gemma-3-270m-it", "status": "idle", "queued": 0, "parallel": 32, "context_length": 32768}
{"ts_ms": 1790010884006.8005, "model": "gemma-3-270m-it", "status": "generating", "queued": 0, "parallel": 32, "context_length": 32768}
{"ts_ms": 1790010885999.605, "model": "gemma-3-270m-it", "status": "generating", "queued": 0, "parallel": 32, "context_length": 32768}
{"ts_ms": 1790010887967.672, "model": "gemma-3-270m-it", "status": "idle", "queued": 0, "parallel": 32, "context_length": 32768}
{"ts_ms": 1790010890031.0005, "model": "gemma-3-270m-it", "status": "generating", "queued": 0, "parallel": 32, "context_length": 32768}
{"ts_ms": 1790010891997.8132, "model": "gemma-3-270m-it", "status": "idle", "queued": 0, "parallel": 32, "context_length": 32768}
{"ts_ms": 1790010894068.6604, "model": "gemma-3-270m-it", "status": "generating", "queued": 0, "parallel": 32, "context_length": 32768}
{"ts_ms": 1790010896044.5486, "model": "gemma-3-270m-it", "status": "generating", "queued": 0, "parallel": 32, "context_length": 32768}
{"ts_ms": 1790010898007.307, "model": "gemma-3-270m-it", "status": "idle", "queued": 0, "parallel": 32, "context_length": 32768}
{"ts_ms": 1790010900068.0852, "model": "gemma-3-270m-it", "status": "idle", "queued": 0, "parallel": 32, "context_length": 32768}
{"ts_ms": 1790010902018.463, "model": "gemma-3-270m-it", "status": "generating", "queued": 0, "parallel": 32, "context_length": 32768}
{"ts_ms": 1790010904018.1172, "model": "gemma-3-270m-it", "status": "generating", "queued": 0, "parallel": 32, "context_length": 32768}
{"ts_ms": 1790010905995.8635, "model": "gemma-3-270m-it", "status": "idle", "queued": 0, "parallel": 32, "context_length": 32768}
{"ts_ms": 1790010908155.3657, "model": "gemma-3-270m-it", "status": "generating", "queued": 0, "parallel": 32, "context_length": 32768}
{"ts_ms": 1790010910027.9666, "model": "gemma-3-270m-it", "status": "idle", "queued": 0, "parallel": 32, "context_length": 32768}
{"ts_ms": 1790010912123.809, "model": "gemma-3-270m-it", "status": "generating", "queued": 0, "parallel": 32, "context_length": 32768}
{"ts_ms": 1790010914047.2766, "model": "gemma-3-270m-it", "status": "idle", "queued": 0, "parallel": 32, "context_length": 32768}
{"ts_ms": 1790010916088.0164, "model": "gemma-3-270m-it", "status": "idle", "queued": 0, "parallel": 32, "context_length": 32768}
{"ts_ms": 1790010918111.3894, "model": "gemma-3-270m-it", "status": "idle", "queued": 0, "parallel": 32, "context_length": 32768}
{"ts_ms": 1790010920059.7097, "model": "gemma-3-270m-it", "status": "idle", "queued": 0, "parallel": 32, "context_length": 32768}
{"ts_ms": 1790010922060.29, "model": "gemma-3-270m-it", "status": "generating", "queued": 0, "parallel": 32, "context_length": 32768}
{"ts_ms": 1790010924009.6292, "model": "gemma-3-270m-it", "status": "idle", "queued": 0, "parallel": 32, "context_length": 32768}
{"ts_ms": 1790010926235.9712, "model": "gemma-3-270m-it", "status": "generating", "queued": 0, "parallel": 32, "context_length": 32768}
{"ts_ms": 1790010928032.0327, "model": "gemma-3-270m-it", "status": "idle", "queued": 0, "parallel": 32, "context_length": 32768}
{"ts_ms": 1790010930028.8044, "model": "gemma-3-270m-it", "status": "idle", "queued": 0, "parallel": 32, "context_length": 32768}
{"ts_ms": 1790010932020.1152, "model": "gemma-3-270m-it", "status": "generating", "queued": 0, "parallel": 32, "context_length": 32768}
{"ts_ms": 1790010934052.2212, "model": "gemma-3-270m-it", "status": "idle", "queued": 0, "parallel": 32, "context_length": 32768}
{"ts_ms": 1790010936071.636, "model": "gemma-3-270m-it", "status": "generating", "queued": 0, "parallel": 32, "context_length": 32768}
{"ts_ms": 1790010938070.5159, "model": "gemma-3-270m-it", "status": "idle", "queued": 0, "parallel": 32, "context_length": 32768}
{"ts_ms": 1790010940089.531, "model": "gemma-3-270m-it", "status": "generating", "queued": 0, "parallel": 32, "context_length": 32768}
{"ts_ms": 1790010942072.23, "model": "gemma-3-270m-it", "status": "idle", "queued": 0, "parallel": 32, "context_length": 32768}
{"ts_ms": 1790010944122.5332, "model": "gemma-3-270m-it", "status": "idle", "queued": 0, "parallel": 32, "context_length": 32768}
{"ts_ms": 1790010946171.7827, "model": "gemma-3-270m-it", "status": "generating", "queued": 0, "parallel": 32, "context_length": 32768}
{"ts_ms": 1790010948027.55, "model": "gemma-3-270m-it", "status": "idle", "queued": 0, "parallel": 32, "context_length": 32768}
{"ts_ms": 1790010950117.515, "model": "gemma-3-270m-it", "status": "generating", "queued": 0, "parallel": 32, "context_length": 32768}
{"ts_ms": 1790010952028.5513, "model": "gemma-3-270m-it", "status": "idle", "queued": 0, "parallel": 32, "context_length": 32768}
{"ts_ms": 1790010954050.126, "model": "gemma-3-270m-it", "status": "generating", "queued": 0, "parallel": 32, "context_length": 32768}
{"ts_ms": 1790010956026.149, "model": "gemma-3-270m-it", "status": "generating", "queued": 0, "parallel": 32, "context_length": 32768}
{"ts_ms": 1790010958010.1013, "model": "gemma-3-270m-it", "status": "idle", "queued": 0, "parallel": 32, "context_length": 32768}
{"ts_ms": 1790010960067.6663, "model": "gemma-3-270m-it", "status": "generating", "queued": 0, "parallel": 32, "context_length": 32768}
{"ts_ms": 1790010962011.8337, "model": "gemma-3-270m-it", "status": "idle", "queued": 0, "parallel": 32, "context_length": 32768}
{"ts_ms": 1790010964054.4612, "model": "gemma-3-270m-it", "status": "idle", "queued": 0, "parallel": 32, "context_length": 32768}
{"ts_ms": 1790010966308.6946, "model": "gemma-3-270m-it", "status": "generating", "queued": 0, "parallel": 32, "context_length": 32768}
{"ts_ms": 1790010968010.3984, "model": "gemma-3-270m-it", "status": "idle", "queued": 0, "parallel": 32, "context_length": 32768}
{"ts_ms": 1790010970060.2366, "model": "gemma-3-270m-it", "status": "idle", "queued": 0, "parallel": 32, "context_length": 32768}
{"ts_ms": 1790010972107.833, "model": "gemma-3-270m-it", "status": "generating", "queued": 0, "parallel": 32, "context_length": 32768}
{"ts_ms": 1790010974077.936, "model": "gemma-3-270m-it", "status": "idle", "queued": 0, "parallel": 32, "context_length": 32768}
{"ts_ms": 1790010976031.3901, "model": "gemma-3-270m-it", "status": "generating", "queued": 0, "parallel": 32, "context_length": 32768}
{"ts_ms": 1790010978003.2715, "model": "gemma-3-270m-it", "status": "idle", "queued": 0, "parallel": 32, "context_length": 32768}
{"ts_ms": 1790010980011.7046, "model": "gemma-3-270m-it", "status": "generating", "queued": 0, "parallel": 32, "context_length": 32768}
{"ts_ms": 1790010981977.7256, "model": "gemma-3-270m-it", "status": "generating", "queued": 0, "parallel": 32, "context_length": 32768}
{"ts_ms": 1790010983958.2947, "model": "gemma-3-270m-it", "status": "idle", "queued": 0, "parallel": 32, "context_length": 32768}
{"ts_ms": 1790010986094.6372, "model": "google/gemma-4-e4b", "status": "idle", "queued": 0, "parallel": 12, "context_length": 131072}
{"ts_ms": 1790010987976.749, "model": "google/gemma-4-e4b", "status": "idle", "queued": 0, "parallel": 12, "context_length": 131072}
{"ts_ms": 1790010989939.9736, "model": "google/gemma-4-e4b", "status": "idle", "queued": 0, "parallel": 12, "context_length": 131072}
{"ts_ms": 1790010992297.8594, "model": "google/gemma-4-e4b", "status": "idle", "queued": 0, "parallel": 12, "context_length": 131072}
{"ts_ms": 1790010994266.5713, "model": "google/gemma-4-e4b", "status": "idle", "queued": 0, "parallel": 12, "context_length": 131072}
{"ts_ms": 1790010996360.2546, "model": "google/gemma-4-e4b", "status": "idle", "queued": 0, "parallel": 12, "context_length": 131072}
{"ts_ms": 1790010998505.9995, "model": "google/gemma-4-e4b", "status": "idle", "queued": 0, "parallel": 12, "context_length": 131072}
{"ts_ms": 1790011000215.6006, "model": "google/gemma-4-e4b", "status": "idle", "queued": 0, "parallel": 12, "context_length": 131072}
{"ts_ms": 1790011002204.7043, "model": "google/gemma-4-e4b", "status": "idle", "queued": 0, "parallel": 12, "context_length": 131072}
{"ts_ms": 1790011004334.6965, "model": "google/gemma-4-e4b", "status": "idle", "queued": 0, "parallel": 12, "context_length": 131072}
{"ts_ms": 1790011006266.5737, "model": "google/gemma-4-e4b", "status": "processingPrompt", "queued": 0, "parallel": 12, "context_length": 131072}
{"ts_ms": 1790011008458.1248, "model": "google/gemma-4-e4b", "status": "generating", "queued": 0, "parallel": 12, "context_length": 131072}
{"ts_ms": 1790011010690.7844, "model": "google/gemma-4-e4b", "status": "generating", "queued": 0, "parallel": 12, "context_length": 131072}
{"ts_ms": 1790011012118.9392, "model": "google/gemma-4-e4b", "status": "idle", "queued": 0, "parallel": 12, "context_length": 131072}
{"ts_ms": 1790011014217.7263, "model": "google/gemma-4-e4b", "status": "processingPrompt", "queued": 0, "parallel": 12, "context_length": 131072}
{"ts_ms": 1790011016655.6348, "model": "google/gemma-4-e4b", "status": "generating", "queued": 0, "parallel": 12, "context_length": 131072}
{"ts_ms": 1790011018660.2588, "model": "google/gemma-4-e4b", "status": "generating", "queued": 0, "parallel": 12, "context_length": 131072}
{"ts_ms": 1790011020364.2617, "model": "google/gemma-4-e4b", "status": "processingPrompt", "queued": 0, "parallel": 12, "context_length": 131072}
{"ts_ms": 1790011022338.9678, "model": "google/gemma-4-e4b", "status": "processingPrompt", "queued": 0, "parallel": 12, "context_length": 131072}
{"ts_ms": 1790011024756.5332, "model": "google/gemma-4-e4b", "status": "generating", "queued": 0, "parallel": 12, "context_length": 131072}
{"ts_ms": 1790011026235.1702, "model": "google/gemma-4-e4b", "status": "idle", "queued": 0, "parallel": 12, "context_length": 131072}
{"ts_ms": 1790011028367.5813, "model": "google/gemma-4-e4b", "status": "processingPrompt", "queued": 0, "parallel": 12, "context_length": 131072}
{"ts_ms": 1790011030736.7996, "model": "google/gemma-4-e4b", "status": "generating", "queued": 0, "parallel": 12, "context_length": 131072}
{"ts_ms": 1790011032711.7166, "model": "google/gemma-4-e4b", "status": "generating", "queued": 0, "parallel": 12, "context_length": 131072}
{"ts_ms": 1790011034557.597, "model": "google/gemma-4-e4b", "status": "generating", "queued": 0, "parallel": 12, "context_length": 131072}
{"ts_ms": 1790011036543.7385, "model": "google/gemma-4-e4b", "status": "processingPrompt", "queued": 0, "parallel": 12, "context_length": 131072}
{"ts_ms": 1790011038354.2598, "model": "google/gemma-4-e4b", "status": "processingPrompt", "queued": 0, "parallel": 12, "context_length": 131072}
{"ts_ms": 1790011040558.394, "model": "google/gemma-4-e4b", "status": "generating", "queued": 0, "parallel": 12, "context_length": 131072}
{"ts_ms": 1790011042592.5068, "model": "google/gemma-4-e4b", "status": "generating", "queued": 0, "parallel": 12, "context_length": 131072}
{"ts_ms": 1790011044115.745, "model": "google/gemma-4-e4b", "status": "idle", "queued": 0, "parallel": 12, "context_length": 131072}
{"ts_ms": 1790011046257.292, "model": "google/gemma-4-e4b", "status": "processingPrompt", "queued": 0, "parallel": 12, "context_length": 131072}
{"ts_ms": 1790011048784.256, "model": "google/gemma-4-e4b", "status": "generating", "queued": 0, "parallel": 12, "context_length": 131072}
{"ts_ms": 1790011050354.2659, "model": "google/gemma-4-e4b", "status": "idle", "queued": 0, "parallel": 12, "context_length": 131072}
{"ts_ms": 1790011052789.1084, "model": "google/gemma-4-e4b", "status": "processingPrompt", "queued": 0, "parallel": 12, "context_length": 131072}
{"ts_ms": 1790011054545.412, "model": "google/gemma-4-e4b", "status": "generating", "queued": 0, "parallel": 12, "context_length": 131072}
{"ts_ms": 1790011056691.0322, "model": "google/gemma-4-e4b", "status": "generating", "queued": 0, "parallel": 12, "context_length": 131072}
{"ts_ms": 1790011058265.4878, "model": "google/gemma-4-e4b", "status": "idle", "queued": 0, "parallel": 12, "context_length": 131072}
{"ts_ms": 1790011060321.1934, "model": "google/gemma-4-e4b", "status": "processingPrompt", "queued": 0, "parallel": 12, "context_length": 131072}
{"ts_ms": 1790011062773.258, "model": "google/gemma-4-e4b", "status": "generating", "queued": 0, "parallel": 12, "context_length": 131072}
{"ts_ms": 1790011064454.0952, "model": "google/gemma-4-e4b", "status": "idle", "queued": 0, "parallel": 12, "context_length": 131072}
{"ts_ms": 1790011066321.9353, "model": "google/gemma-4-e4b", "status": "processingPrompt", "queued": 0, "parallel": 12, "context_length": 131072}
{"ts_ms": 1790011068920.4531, "model": "google/gemma-4-e4b", "status": "generating", "queued": 0, "parallel": 12, "context_length": 131072}
{"ts_ms": 1790011070596.7932, "model": "google/gemma-4-e4b", "status": "generating", "queued": 0, "parallel": 12, "context_length": 131072}
{"ts_ms": 1790011071969.1367, "model": "google/gemma-4-e4b", "status": "processingPrompt", "queued": 0, "parallel": 12, "context_length": 131072}
{"ts_ms": 1790011074653.9663, "model": "google/gemma-4-e4b", "status": "generating", "queued": 0, "parallel": 12, "context_length": 131072}
{"ts_ms": 1790011076665.2417, "model": "google/gemma-4-e4b", "status": "generating", "queued": 0, "parallel": 12, "context_length": 131072}
{"ts_ms": 1790011078579.373, "model": "google/gemma-4-e4b", "status": "idle", "queued": 0, "parallel": 12, "context_length": 131072}
