{"ts_ms": 1790010837262.2083, "llama_cpu_pct": null, "llama_ws_mb": null, "total_cpu_pct": null, "avail_kb": null}
{"ts_ms": 1790010839411.0962, "llama_cpu_pct": null, "llama_ws_mb": null, "total_cpu_pct": null, "avail_kb": null}
{"ts_ms": 1790010841460.3184, "llama_cpu_pct": null, "llama_ws_mb": null, "total_cpu_pct": null, "avail_kb": null}
{"ts_ms": 1790010843490.6929, "llama_cpu_pct": null, "llama_ws_mb": null, "total_cpu_pct": null, "avail_kb": null}
{"ts_ms": 1790010845577.0098, "llama_cpu_pct": null, "llama_ws_mb": null, "total_cpu_pct": null, "avail_kb": null}
{"ts_ms": 1790010847636.733, "llama_cpu_pct": null, "llama_ws_mb": null, "total_cpu_pct": null, "avail_kb": null}
{"ts_ms": 1790010849728.9663, "llama_cpu_pct": null, "llama_ws_mb": null, "total_cpu_pct": null, "avail_kb": null}
{"ts_ms": 1790010851743.546, "llama_cpu_pct": null, "llama_ws_mb": null, "total_cpu_pct": null, "avail_kb": null}
{"ts_ms": 1790010853794.4485, "llama_cpu_pct": null, "llama_ws_mb": null, "total_cpu_pct": null, "avail_kb": null}
{"ts_ms": 1790010855765.8367, "llama_cpu_pct": null, "llama_ws_mb": null, "total_cpu_pct": null, "avail_kb": null}
{"ts_ms": 1790010857832.4873, "llama_cpu_pct": null, "llama_ws_mb": null, "total_cpu_pct": null, "avail_kb": null}
{"ts_ms": 1790010859833.6746, "llama_cpu_pct": null, "llama_ws_mb": null, "total_cpu_pct": null, "avail_kb": null}
{"ts_ms": 1790010861860.3396, "llama_cpu_pct": null, "llama_ws_mb": null, "total_cpu_pct": null, "avail_kb": null}
{"ts_ms": 1790010863855.9978, "llama_cpu_pct": null, "llama_ws_mb": null, "total_cpu_pct": null, "avail_kb": null}
{"ts_ms": 1790010865967.3506, "llama_cpu_pct": null, "llama_ws_mb": null, "total_cpu_pct": null, "avail_kb": null}
{"ts_ms": 1790010868015.7148, "llama_cpu_pct": null, "llama_ws_mb": null, "total_cpu_pct": null, "avail_kb": null}
{"ts_ms": 1790010870021.8357, "llama_cpu_pct": null, "llama_ws_mb": null, "total_cpu_pct": null, "avail_kb": null}
{"ts_ms": 1790010871997.4062, "llama_cpu_pct": null, "llama_ws_mb": null, "total_cpu_pct": null, "avail_kb": null}
{"ts_ms": 1790010874041.254, "llama_cpu_pct": null, "llama_ws_mb": null, "total_cpu_pct": null, "avail_kb": null}
{"ts_ms": 1790010876002.6028, "llama_cpu_pct": null, "llama_ws_mb": null, "total_cpu_pct": null, "avail_kb": null}
{"ts_ms": 1790010878104.1458, "llama_cpu_pct": null, "llama_ws_mb": null, "total_cpu_pct": null, "avail_kb": null}
{"ts_ms": 1790010880149.0632, "llama_cpu_pct": null, "llama_ws_mb": null, "total_cpu_pct": null, "avail_kb": null}
{"ts_ms": 1790010882207.5903, "llama_cpu_pct": null, "llama_ws_mb": null, "total_cpu_pct": null, "avail_kb": null}
{"ts_ms": 1790010884215.0408, "llama_cpu_pct": null, "llama_ws_mb": null, "total_cpu_pct": null, "avail_kb": null}
{"ts_ms": 1790010886188.7297, "llama_cpu_pct": null, "llama_ws_mb": null, "total_cpu_pct": null, "avail_kb": null}
{"ts_ms": 1790010888269.673, "llama_cpu_pct": null, "llama_ws_mb": null, "total_cpu_pct": null, "avail_kb": null}
{"ts_ms": 1790010890291.2734, "llama_cpu_pct": null, "llama_ws_mb": null, "total_cpu_pct": null, "avail_kb": null}
{"ts_ms": 1790010892302.9902, "llama_cpu_pct": null, "llama_ws_mb": null, "total_cpu_pct": null, "avail_kb": null}
{"ts_ms": 1790010894303.1506, "llama_cpu_pct": null, "llama_ws_mb": null, "total_cpu_pct": null, "avail_kb": null}
{"ts_ms": 1790010896364.7698, "llama_cpu_pct": null, "llama_ws_mb": null, "total_cpu_pct": null, "avail_kb": null}
{"ts_ms": 1790010898390.2083, "llama_cpu_pct": null, "llama_ws_mb": null, "total_cpu_pct": null, "avail_kb": null}
{"ts_ms": 1790010900479.1223, "llama_cpu_pct": null, "llama_ws_mb": null, "total_cpu_pct": null, "avail_kb": null}
{"ts_ms": 1790010902515.2473, "llama_cpu_pct": null, "llama_ws_mb": null, "total_cpu_pct": null, "avail_kb": null}
{"ts_ms": 1790010904610.3833, "llama_cpu_pct": null, "llama_ws_mb": null, "total_cpu_pct": null, "avail_kb": null}
{"ts_ms": 1790010906737.961, "llama_cpu_pct": null, "llama_ws_mb": null, "total_cpu_pct": null, "avail_kb": null}
{"ts_ms": 1790010908943.0347, "llama_cpu_pct": null, "llama_ws_mb": null, "total_cpu_pct": null, "avail_kb": null}
{"ts_ms": 1790010911075.9114, "llama_cpu_pct": null, "llama_ws_mb": null, "total_cpu_pct": null, "avail_kb": null}
{"ts_ms": 1790010913240.6921, "llama_cpu_pct": null, "llama_ws_mb": null, "total_cpu_pct": null, "avail_kb": null}
{"ts_ms": 1790010915355.4272, "llama_cpu_pct": null, "llama_ws_mb": null, "total_cpu_pct": null, "avail_kb": null}
{"ts_ms": 1790010917449.331, "llama_cpu_pct": null, "llama_ws_mb": null, "total_cpu_pct": null, "avail_kb": null}
{"ts_ms": 1790010919578.6873, "llama_cpu_pct": null, "llama_ws_mb": null, "total_cpu_pct": null, "avail_kb": null}
{"ts_ms": 1790010921623.0334, "llama_cpu_pct": null, "llama_ws_mb": null, "total_cpu_pct": null, "avail_kb": null}
{"ts_ms": 1790010923719.013, "llama_cpu_pct": null, "llama_ws_mb": null, "total_cpu_pct": null, "avail_kb": null}
{"ts_ms": 1790010925843.342, "llama_cpu_pct": null, "llama_ws_mb": null, "total_cpu_pct": null, "avail_kb": null}
{"ts_ms": 1790010928018.3428, "llama_cpu_pct": null, "llama_ws_mb": null, "total_cpu_pct": null, "avail_kb": null}
{"ts_ms": 1790010930118.464, "llama_cpu_pct": null, "llama_ws_mb": null, "total_cpu_pct": null, "avail_kb": null}
{"ts_ms": 1790010932199.1877, "llama_cpu_pct": null, "llama_ws_mb": null, "total_cpu_pct": null, "avail_kb": null}
{"ts_ms": 1790010934290.429, "llama_cpu_pct": null, "llama_ws_mb": null, "total_cpu_pct": null, "avail_kb": null}
{"ts_ms": 1790010936286.7556, "llama_cpu_pct": null, "llama_ws_mb": null, "total_cpu_pct": null, "avail_kb": null}
{"ts_ms": 1790010938418.5474, "llama_cpu_pct": null, "llama_ws_mb": null, "total_cpu_pct": null, "avail_kb": null}
{"ts_ms": 1790010940597.9644, "llama_cpu_pct": null, "llama_ws_mb": null, "total_cpu_pct": null, "avail_kb": null}
{"ts_ms": 1790010942686.1208, "llama_cpu_pct": null, "llama_ws_mb": null, "total_cpu_pct": null, "avail_kb": null}
{"ts_ms": 1790010944870.5508, "llama_cpu_pct": null, "llama_ws_mb": null, "total_cpu_pct": null, "avail_kb": null}
{"ts_ms": 1790010946986.208, "llama_cpu_pct": null, "llama_ws_mb": null, "total_cpu_pct": null, "avail_kb": null}
{"ts_ms": 1790010949049.385, "llama_cpu_pct": null, "llama_ws_mb": null, "total_cpu_pct": null, "avail_kb": null}
{"ts_ms": 1790010951204.4053, "llama_cpu_pct": null, "llama_ws_mb": null, "total_cpu_pct": null, "avail_kb": null}
{"ts_ms": 1790010953257.8418, "llama_cpu_pct": null, "llama_ws_mb": null, "total_cpu_pct": null, "avail_kb": null}
{"ts_ms": 1790010955381.2874, "llama_cpu_pct": null, "llama_ws_mb": null, "total_cpu_pct": null, "avail_kb": null}
{"ts_ms": 1790010957402.5696, "llama_cpu_pct": null, "llama_ws_mb": null, "total_cpu_pct": null, "avail_kb": null}
{"ts_ms": 1790010959443.6875, "llama_cpu_pct": null, "llama_ws_mb": null, "total_cpu_pct": null, "avail_kb": null}
{"ts_ms": 1790010961507.5833, "llama_cpu_pct": null, "llama_ws_mb": null, "total_cpu_pct": null, "avail_kb": null}
{"ts_ms": 1790010963488.3208, "llama_cpu_pct": null, "llama_ws_mb": null, "total_cpu_pct": null, "avail_kb": null}
{"ts_ms": 1790010965557.6206, "llama_cpu_pct": null, "llama_ws_mb": null, "total_cpu_pct": null, "avail_kb": null}
{"ts_ms": 1790010967828.7966, "llama_cpu_pct": null, "llama_ws_mb": null, "total_cpu_pct": null, "avail_kb": null}
{"ts_ms": 1790010969871.1868, "llama_cpu_pct": null, "llama_ws_mb": null, "total_cpu_pct": null, "avail_kb": null}
{"ts_ms": 1790010971914.4824, "llama_cpu_pct": null, "llama_ws_mb": null, "total_cpu_pct": null, "avail_kb": null}
{"ts_ms": 1790010973969.9226, "llama_cpu_pct": null, "llama_ws_mb": null, "total_cpu_pct": null, "avail_kb": null}
{"ts_ms": 1790010975998.0886, "llama_cpu_pct": null, "llama_ws_mb": null, "total_cpu_pct": null, "avail_kb": null}
{"ts_ms": 1790010978095.8494, "llama_cpu_pct": null, "llama_ws_mb": null, "total_cpu_pct": null, "avail_kb": null}
{"ts_ms": 1790010980078.415, "llama_cpu_pct": null, "llama_ws_mb": null, "total_cpu_pct": null, "avail_kb": null}
{"ts_ms": 1790010982102.2668, "llama_cpu_pct": null, "llama_ws_mb": null, "total_cpu_pct": null, "avail_kb": null}
{"ts_ms": 1790010984150.7932, "llama_cpu_pct": null, "llama_ws_mb": null, "total_cpu_pct": null, "avail_kb": null}
{"ts_ms": 1790010986173.936, "llama_cpu_pct": null, "llama_ws_mb": null, "total_cpu_pct": null, "avail_kb": null}
{"ts_ms": 1790010988204.231, "llama_cpu_pct": null, "llama_ws_mb": null, "total_cpu_pct": null, "avail_kb": null}
{"ts_ms": 1790010990205.1753, "llama_cpu_pct": null, "llama_ws_mb": null, "total_cpu_pct": null, "avail_kb": null}
{"ts_ms": 1790010992137.1445, "llama_cpu_pct": null, "llama_ws_mb": null, "total_cpu_pct": null, "avail_kb": null}
{"ts_ms": 1790010994426.8206, "llama_cpu_pct": null, "llama_ws_mb": null, "total_cpu_pct": null, "avail_kb": null}
{"ts_ms": 1790010996627.7898, "llama_cpu_pct": null, "llama_ws_mb": null, "total_cpu_pct": null, "avail_kb": null}
{"ts_ms": 1790010999201.416, "llama_cpu_pct": null, "llama_ws_mb": null, "total_cpu_pct": null, "avail_kb": null}
{"ts_ms": 1790011001464.4177, "llama_cpu_pct": null, "llama_ws_mb": null, "total_cpu_pct": null, "avail_kb": null}
{"ts_ms": 1790011003615.9949, "llama_cpu_pct": null, "llama_ws_mb": null, "total_cpu_pct": null, "avail_kb": null}
{"ts_ms": 1790011005837.1274, "llama_cpu_pct": null, "llama_ws_mb": null, "total_cpu_pct": null, "avail_kb": null}
{"ts_ms": 1790011007990.6865, "llama_cpu_pct": null, "llama_ws_mb": null, "total_cpu_pct": null, "avail_kb": null}
{"ts_ms": 1790011010888.0093, "llama_cpu_pct": null, "llama_ws_mb": null, "total_cpu_pct": null, "avail_kb": null}
{"ts_ms": 1790011013111.352, "llama_cpu_pct": null, "llama_ws_mb": null, "total_cpu_pct": null, "avail_kb": null}
{"ts_ms": 1790011015388.944, "llama_cpu_pct": null, "llama_ws_mb": null, "total_cpu_pct": null, "avail_kb": null}
{"ts_ms": 1790011018206.4827, "llama_cpu_pct": null, "llama_ws_mb": null, "total_cpu_pct": null, "avail_kb": null}
{"ts_ms": 1790011020377.315, "llama_cpu_pct": null, "llama_ws_mb": null, "total_cpu_pct": null, "avail_kb": null}
{"ts_ms": 1790011022621.937, "llama_cpu_pct": null, "llama_ws_mb": null, "total_cpu_pct": null, "avail_kb": null}
{"ts_ms": 1790011025523.3347, "llama_cpu_pct": null, "llama_ws_mb": null, "total_cpu_pct": null, "avail_kb": null}
{"ts_ms": 1790011027668.1885, "llama_cpu_pct": null, "llama_ws_mb": null, "total_cpu_pct": null, "avail_kb": null}
{"ts_ms": 1790011030059.9668, "llama_cpu_pct": null, "llama_ws_mb": null, "total_cpu_pct": null, "avail_kb": null}
{"ts_ms": 1790011032861.8354, "llama_cpu_pct": null, "llama_ws_mb": null, "total_cpu_pct": null, "avail_kb": null}
{"ts_ms": 1790011035658.778, "llama_cpu_pct": null, "llama_ws_mb": null, "total_cpu_pct": null, "avail_kb": null}
{"ts_ms": 1790011038138.7886, "llama_cpu_pct": null, "llama_ws_mb": null, "total_cpu_pct": null, "avail_kb": null}
{"ts_ms": 1790011040703.206, "llama_cpu_pct": null, "llama_ws_mb": null, "total_cpu_pct": null, "avail_kb": null}
{"ts_ms": 1790011043272.5046, "llama_cpu_pct": null, "llama_ws_mb": null, "total_cpu_pct": null, "avail_kb": null}
{"ts_ms": 1790011045466.7698, "llama_cpu_pct": null, "llama_ws_mb": null, "total_cpu_pct": null, "avail_kb": null}
{"ts_ms": 1790011047916.8738, "llama_cpu_pct": null, "llama_ws_mb": null, "total_cpu_pct": null, "avail_kb": null}
{"ts_ms": 1790011050678.95, "llama_cpu_pct": null, "llama_ws_mb": null, "total_cpu_pct": null, "avail_kb": null}
{"ts_ms": 1790011053155.6082, "llama_cpu_pct": null, "llama_ws_mb": null, "total_cpu_pct": null, "avail_kb": null}
{"ts_ms": 1790011055657.2822, "llama_cpu_pct": null, "llama_ws_mb": null, "total_cpu_pct": null, "avail_kb": null}
{"ts_ms": 1790011058375.017, "llama_cpu_pct": null, "llama_ws_mb": null, "total_cpu_pct": null, "avail_kb": null}
{"ts_ms": 1790011060665.9236, "llama_cpu_pct": null, "llama_ws_mb": null, "total_cpu_pct": null, "avail_kb": null}
{"ts_ms": 1790011063615.026, "llama_cpu_pct": null, "llama_ws_mb": null, "total_cpu_pct": null, "avail_kb": null}
{"ts_ms": 1790011065954.3381, "llama_cpu_pct": null, "llama_ws_mb": null, "total_cpu_pct": null, "avail_kb": null}
{"ts_ms": 1790011068427.527, "llama_cpu_pct": null, "llama_ws_mb": null, "total_cpu_pct": null, "avail_kb": null}
{"ts_ms": 1790011071180.0615, "llama_cpu_pct": null, "llama_ws_mb": null, "total_cpu_pct": null, "avail_kb": null}
{"ts_ms": 1790011073093.845, "llama_cpu_pct": null, "llama_ws_mb": null, "total_cpu_pct": null, "avail_kb": null}
{"ts_ms": 1790011075871.2148, "llama_cpu_pct": null, "llama_ws_mb": null, "total_cpu_pct": null, "avail_kb": null}
{"ts_ms": 1790011078607.5457, "llama_cpu_pct": null, "llama_ws_mb": null, "total_cpu_pct": null, "avail_kb": null}
